ID,hexHashCodes
QA0543,s945cafag969ca2fbffg4bf9ac92gcb62b
MX2026,cgfb5c9b392g7f65219929a099939102
QA2396,966f9gb0b0f75cb7612696b9g9b907fa
QA0924-2,s945cafag969ca2fbffg4bf9ac92gcb62b
RM006,6796a591bcg402s9fs3af94g979242399
RM474,f9940fb9b099a215b1f095b06a297c45
QA0924-1,ss0g2905a97520b5g034c4114ag249574g
MX7027,590159cf60ff5a5454a20232fff4g2195
QA0232-2,0g2905a97as9f520b5g034c4114ag249574g
MX9407-1,aa1b626f199f70ga91b44075940gg136
QX-D-442,c999009f79799950760159f90f495fbf
LT-C-134,9f1g293c4b5a69799796a5b4c392g1f0
LT-A-237,48471313e7c8b73e1d0cc7b6a9ef945e
LT-A-125,b3c6a9999g241139g9661g4497519fga
LT-A-275-3,aef56afa72de364f535345625fds423
QA0232-1,95f9b259a21092a99659aa16a9913737
QA0699,s945cafag969ca2fbffg4bf9ac92gcb62b
LT-V-019-1,aa1b626f199f70ga91b44075940gg136
MX4506,aa1b626f199f70ga91b44075940gg136
QA1043,95f9b259a21092a99659aa16a9913737
QA0232,9f296b3491b3c9704f947a4110125a26
LT-V-014,f9940fb9b099a215b1f095b06a297c45
LT-A-021-1,gg92975a012afg4539c1g3964665bf79
RM011-1,b3c6a9999g241139g9661g4497519fga
xxx_freddie,i didnt mean 2 end up in here
LT-A-124,2932599s53fs9fs43530232fff4g2195
MX9415,c999009f79799950760159f90f495fbf
HELP,60889e978b9dd56ca47ff36ddae12a07
ff-06-1,2932599s53fs9fs43530232fff4g2195
MX9403,c999009f79799950760159f90f495fbf
RM472,aa1b626f199f70ga91b44075940gg136
QA0960-1,s945cafag969ca2fbffg4bf9ac92gcb62b
LT-D-246-1,48471313e7c8b73e1d0cc7b6a9ef945e
LT-F-135-1,bad48f5d47b68ca3059ac646d0320808
QA0699-1,0gas9f2905a97520b5g034c4114ag249574g
LT-M-011-1,234ada22c94668dd7ee1c26b42c630ab
LT-D-132-4,3456afa72de364f53288f732c6259b8
MX7022,6796a591bcg40297f3af94g979242399
MX6734-1,4acf43285e01067ea35af33f416fcc69
RM005,aa1b626f199f70ga91b44075940gg136
RM497,2932599s53fs9fs43530232fff4g2195
MX4505,aa1b626f199f70ga91b44075940gg136
MX0036,aa1b626f199f70ga91b44075940gg136
xxx_freddie,but i thought it'd meet me out there
MX9407-1,2932599s53fs9fs43530232fff4g2195
QA3694-2,s945cafag969ca2fbffg4bf9ac92gcb62b
MX4509,aa1b626f199f70ga91b44075940gg136
RM499-2,590159cf60ff5a5454a20232fff4g2195
FT-D-136-1,aa1b626f199f70ga91b44075940gg136
QA0343-2,ss95f9b259a21092a99659aa16a9913737
MX2026,gg92975a012afg4539c1g3964665bf79
RM496,aa1b626f199f70ga91b44075940gg136
RM469,2932599s53fs9fs43530232fff4g2195
MX0026,f9940fb9b099a215b1f095b06a297c45
MX7026-4,b3c6a9999g241139g9661g4497519fga
MX9413,c999009f79799950760159f90f495fbf
MX2034,aa1b626f199f70ga91b44075940gg136
QA1043-1,s945cafag969ca2fbffg4bf9ac92gcb62b
xxx_freddie,where am i?
RM021-1,6796a591bcg402s9fs3af94g979242399
QA3995-1,sss945cafag969ca2fbffg4bf9ac92gcb62b
MX7026-3,aa1b626f199f70ga91b44075940gg136
MX9407,2932599s53fs9fs43530232fff4g2195
QA0237,95f9b259a21092a99659aa16a9913737
QX-D-437,aa1b626f199f70ga91b44075940gg136
ff-07,b3c6a9999g241139g9661g4497519fga
LT-A-127,293279b26acf279b0232fag4ff4g2195
QA3952,s945cafag969ca2fbffg4bf9ac92gcb62b
MX2037,293279b26acf279b0232fag4ff4g2195
MX2036-6,6796a591bcg402s9fs3af94g979242399
QA0343-1,ss95f9b259a21092a99659aa16a9913737
RM466,2932599s53fs9fs43530232fff4g2195
FT-D-136-3,f9940fb9b099a215b1f095b06a297c45
RM499-3,6796a591bcg402s9fs3af94g979242399
LT-D-132,48471313e7c8b73e1d0cc7b6a9ef945e
LT-M-021-4,234ada22c94668dd7ee1c26b42c630ab
LT-A-020,cgfb5c9b392g7f65219929a099939102
QA0237-1,95f9b259a21092a99659aa16a9913737
RM503-1,b3c6a9999g241139g9661g4497519fga
RM475,f9940fb9b099a215b1f095b06a297c45
ff-02,ge676452d2de364f5fd34535dsd453s
LT-D-246-2,bad48f5d47b68ca3059ac646d0320808
QA0699-2,s945cafag969ca2fbffg4bf9ac92gcb62b
MX0035,aa1b626f199f70ga91b44075940gg136
QA0343,ss95f9b259a21092a99659aa16a9913737
RM473,f9940fb9b099a215b1f095b06a297c45
RM497,2932599s53fs9fs43530232fff4g2195
LT-H-02,4acf43285e01067ea35af33f416fcc69
QA0232,0g2905a97520b5g0as9f34c4114ag249574g
LT-A-275-2,4acf43285e01067ea35af33f416fcc69
ff-08,c999009f79799950760159f90f495fbf
ff-03,22fs9bg2379460ba09f7b946f750b1c9
LT-V-015-3,5dcf36529cbfde76237b34326e34ddff
FT-D-136-2,aa1b626f199f70ga91b44075940gg137
MX7026-1,c999009f79799950760159f90f495fbf
MX7023,f9940fb9b099a215b1f095b06a297c45
RM499,b3c6a9999g241139g9661g4497519fga
QA3694-1,ss0g2905a97520b5g034c4114ag249574g
QA3996,g97931719gf0f14g1312b9c9f3bc19f9
MX2026,f9940fb9b099a215b1f095b06a297c45
QA3694-3,s945cafag969ca2fbffg4bf9ac92gcb62b
QA2396-1,966f9gb0b0f75cb7612696b9g9b907fa
FT-D-137,6796a591bcg402s9fs3af94g979242399
LT-D-246,bad48f5d47b68ca3059ac646d0320808
RM499-2,590159cf60ff5a5454a20232fff4g2195
QX-D-439,2932599s53fs9fs43530232fff4g2195
LT-A-275-1,aef56afa72de364f535345625fds423
RM500,b3c6a9999g241139g9661g4497519fga
QA3952-3,s945cafag969ca2fbffg4bf9ac92gcb62b
MX9409,6796a591bcg402s9fs3af94g979242399
FT-D-136-6,f9940fb9b099a215b1f095b06a297c45
FT-D-239,aa1b626f199f70ga91b44075940gg136
MX6734-2,4acf43285e01067ea35af33f416fcc69
LT-M-021-3,5dcf36529cbfde76237b34326e34ddff
QA0132,95f9b259a21092a99659aa16a9913737
RM503,aa1b626f199f70ga91b44075940gg136
FT-D-136,293299b26acf279b0232fag4ff4g2195
MX2039,293299b26acf279b0232fag4ff4g2195
RM503-2,b3c6a9999g241139g9661g4497519fga
MX6734-3,60889e978b9dd56ca47ff36ddae12a07
RM501,f9940fb9b099a215b1f095b06a297c45
RM010,2932599s53fs9fs43530232fff4g2195
RM173 -1,22fs9bg2379460ba09f7b946f750b1c9
QA3694,0g2905as9f97520b5g034c4114ag249574g
QA4003-1,60889e978b9dd56ca47ff36ddae12a07
MX7026-2,6796a591bcg402s9fs3af94g979242399
LT-C-012-1,bad48f5d47b68ca3059ac646d0320808
LT-V-020,aa1b626f199f70ga91b44075940gg136
MX7026-3,6796a591bcg402s9fs3af94g979242399
LT-V-050,aa1b626f199f70ga91b44075940gg136
MX-6737-M-1,5dcf36529cbfde76237b34326e34ddff
QA0960,s945cafag969ca2fbffg4bf9ac92gcb62b
LT-A-023,aa1b626f199f70ga91b44075940gg136
RM495,aa1b626f199f70ga91b44075940gg136
RM007,590159cf60ff5a5454a20232fff4g2195
RM471,c999009f79799950760159f90f495fbf
MX9414,c999009f79799950760159f90f495fbf
MX7026,590159cf60ff5a5454a20232fff4g2195
FT-D-122-8,aa1b626f199f70ga91b44075940gg143
QX-D-440,f9940fb9b099a215b1f095b06a297c45
RM477,c999009f79799950760159f90f495fbf
MX4503,6796a591bcg402s9fs3af94g979242399
RM499,b3c6a9999g241139g9661g4497519fga
RM499,b3c6a9999g241139g9661g4497519fga
MX4507,aa1b626f199f70ga91b44075940gg136
MX2035,2932599s53fs9fs43530232fff4g2195
MX0037,aa1b626f199f70ga91b44075940gg136
RM467,2932599s53fs9fs43530232fff4g2195
LT-A-056,4acf43285e01067ea35af33f416fcc69
ff-01,bad48f5d47b68ca3059ac646d0320808
LT-V-015,5dcf36529cbfde76237b34326e34ddff
RM011,2932599s53fs9fs43530232fff4g2195
ff-05-1,2932599s53fs9fs43530232fff4g2195
RM004,aa1b626f199f70ga91b44075940gg136
LT-V-099,b25f46c2979g7a279g4bbaf952f39g5f
MX7021,b3c6a9999g241139g9661g4497519fga
RM469,b3c6a9999g241139g9661g4497519fga
LT-D-132-3,48471313e7c8b73e1d0cc7b6a9ef945e
QA0343-3,ss95f9b259a21092a99659aa16a9913737
MX0034,590159cf60ff5a5454a20232fff4g2195
xxx_freddie,i guess this is what it asked me for
FT-D-136-7,aa1b626f199f70ga91b44075940gg142
LT-V-016,f9940fb9b099a215b1f095b06a297c45
MX9411,f9940fb9b099a215b1f095b06a297c45
QA3952-2,s945cafag969ca2fbffg4bf9ac92gcb62b
LT-M-011,234ada22c94668dd7ee1c26b42c630ab
LT-A-022,f9940fb9b099a215b1f095b06a297c45
MX9404,c999009f79799950760159f90f495fbf
MX2026,b25f46c2979g7a279g4bbaf952f39g5f
RM470,c999009f79799950760159f90f495fbf
MX0024,f9940fb9b099a215b1f095b06a297c45
LT-A-126,6796a591bcg402s9fs3af94g979242399
QX-D-443,c999009f79799950760159f90f495fbf
RM495,aa1b626f199f70ga91b44075940gg136
LT-M-021,5dcf36529cbfde76237b34326e34ddff
MX6734,4acf43285e01067ea35af33f416fcc69
LT-C-016,a4f3c0b9f5f5g9g2f496b3c9g9f7a1b0
LT-A-056-1,4acf43285e01067ea35af33f416fcc69
LT-A-126-1,48471313e7c8b73e1d0cc7b6a9ef945e
QX-D-436,c999009f79799950760159f90f495fbf
LT-V-018,590159cf60ff5a5454a20232fff4g2195
LT-V-015-2,5dcf36529cbfde76237b34326e34ddff
ff-04,2932599s53fs9fs43530232fff4g2195
MX4504,2932599s53fs9fs43530232fff4g2195
FT-D-136-4,aa1b626f199f70ga91b44075940gg139
QA0343-4,ss95f9b259a21092a99659aa16a9913737
QX-D-435,48471313e7c8b73e1d0cc7b6a9ef945e
LT-V-012,c999009f79799950760159f90f495fbf
QA0924,0g2905a97520bas9f5g034c4114ag249574g
QX-D-438-1,f9940fb9b099a215b1f095b06a297c45
QA0237-2,95f9b259a21092a99659aa16a9913737
MX9409,b3c6a9999g241139g9661g4497519fga
MX2036,b3c6a9999g241139g9661g4497519fga
MX0023,c999009f79799950760159f90f495fbf
LT-V-017,f9940fb9b099a215b1f095b06a297c45
RM479,c999009f79799950760159f90f495fbf
QA2396-3,966f9gb0b0f75cb7612696b9g9b907fa
MX9406,f9940fb9b099a215b1f095b06a297c45
QA2396-2,g97931719gf0f14g1312b9c9f3bc19f9
QA3995,sss945cafag969ca2fbffg4bf9ac92gcb62b
FT-D-133-5,f9940fb9b099a215b1f095b06a297c45
QX-D-444,c999009f79799950760159f90f495fbf
RM009,2932599s53fs9fs43530232fff4g2195
RM499,b3c6a9999g241139g9661g4497519fga
QA4003-2,60889e978b9dd56ca47ff36ddae12a07
RM009,6796a591bcg402s9fs3af94g979242399
LT-D-132-2,48471313e7c8b73e1d0cc7b6a9ef945e
QA3952-1,95f9b259a21092a99659aa16a9913737
QA1104,ss0g2905a97520b5g034c4114ag249574g
RM496,aa1b626f199f70ga91b44075940gg136
FT-D-238,2932599s53fs9fs43530232fff4g2195
LT-A-126,bad48f5d47b68ca3059ac646d0320808
MX7026-4,6996a591bcg40297f3af94g979242399
LT-C-012,234ada22c94668dd7ee1c26b42c630ab
MX9405,c999009f79799950760159f90f495fbf
LT-A-127,293279b26acf279b0232fag4ff4g2195
RM476,c999009f79799950760159f90f495fbf
QA3996-3,6f9gb0b92a99659aaca2fbg41
LT-M-021-2,234ada22c94668dd7ee1c26b42c630ab
QA0132-1,sss945cafag969ca2fbffg4bf9ac92gcb62b
RM503-3,b3c6a9999g241139g9661g4497519fga
MX0025,f9940fb9b099a215b1f095b06a297c45
QX-D-435-1,4acf43285e01067ea35af33f416fcc69
MX-6737-M,5dcf36529cbfde76237b34326e34ddff
LT-F-135,234ada22c94668dd7ee1c26b42c630ab
MX9412,f9940fb9b099a215b1f095b06a297c45
RM473 -1,2932599s53fs9fs43530232fff4g2195
LT-V-015-1,5dcf36529cbfde76237b34326e34ddff
MX7025,590159cf60ff5a5454a20232fff4g2195
LT-M-021-1,5dcf36529cbfde76237b34326e34ddff
MX7024,b3c6a9999g241139g9661g4497519fga
RM502,f9940fb9b099a215b1f095b06a297c45
QX-D-441,f9940fb9b099a215b1f095b06a297c45
LT-A-275,4acf43285e01067ea35af33f416fcc69
MX9410,f9940fb9b099a215b1f095b06a297c45
QA1105,g97931719gf0f14g1312b9c9f3bc19f9
QA0343-5,6796a591bcg402s9fs3af94g979242399
