ID,RecordType,hexHashCodes,aRecordType
RM498-3,,59015dcf608e7473f761ff5a5454a284 ,AudioLog
MX2036-4,,59016dcf608e7473f761ff5a5454a284 ,MediaItem
MX2036-5,,59017dcf608e7473f761ff5a5454a284 ,MediaItem
MX9411-1,,223d0be2378460ba0df7b846f750b1c8 ,MediaItem
MX4504-2,,224d0be2378460ba0df7b846f750b1c8 ,MetaData
MX0025-3,,225d0be2378460ba0df7b846f750b1c8 ,MetaData
MX9411-1,,226d0be2378460ba0df7b846f750b1c8 ,MetaData
MX9407-1,,29325db26acf27db0232fae4ff4e21d5 ,MetaData
RM473 -1,,29325db26acf27db0232fae4ff4e21d5 ,MetaData
RM503-1,,b3c6a89d8e241138ed661e4497519fea ,MetaData
RM503-2,,b3c6a89d8e241138ed661e4497519fea ,MetaData
RM503-3,,b3c6a89d8e241138ed661e4497519fea ,MetaData
MX7026-3,,67d6a591bce402d7f3af94e97824239d ,MetaData
MX7026-4,,68d6a591bce402d7f3af94e97824239d ,MetaData
MX9407-1,,aa1b626f18df70ea91b44075840ee136 ,MetaData
RM173 -1,,29325db26acf27db0232fae4ff4e21d5 ,MetaData
MX2036-6,,67d6a591bce402d7f3af94e97824239d ,TextLog
MX7026-1,,c888008f79798950760159f80f485fbf ,TextLog
MX7026-2,,67d6a591bce402d7f3af94e97824239d ,TextLog
MX7026-3,,aa1b626f18df70ea91b44075840ee136 ,TextLog
MX7026-4,,b3c6a89d8e241138ed661e4497519fea ,TextLog
RM498-2,,59018dcf608e7473f761ff5a5454a284 ,TextLog
RM498-3,,67d6a591bce402d7f3af94e97824239d ,TextLog
RM011-1,,b3c6a89d8e241138ed661e4497519fea ,TextLog
RM498-2,,59018dcf608e7473f761ff5a5454a284 ,TextLog
RM021-1,,67d6a591bce402d7f3af94e97824239d ,VideoLog
MX7024,Document,b3c6a89d8e241138ed661e4497519fea ,
MX7025,Document,59015dcf608e7473f761ff5a5454a284 ,
MX7026,Document,59016dcf608e7473f761ff5a5454a284 ,
MX7027,Document,59017dcf608e7473f761ff5a5454a284 ,
MX0034,Document,59018dcf608e7473f761ff5a5454a284 ,
MX0035,Document,aa1b626f18df70ea91b44075840ee136 ,
MX0036,Document,aa1b626f18df70ea91b44075840ee136 ,
MX0037,Document,aa1b626f18df70ea91b44075840ee136 ,
RM495,Document,aa1b626f18df70ea91b44075840ee136 ,
RM496,Document,aa1b626f18df70ea91b44075840ee136 ,
RM497,Document,29325db26acf27db0232fae4ff4e21d5 ,
RM498,Document,b3c6a89d8e241138ed661e4497519fea ,
RM499,Document,b3c6a89d8e241138ed661e4497519fea ,
RM500,Document,b3c6a89d8e241138ed661e4497519fea ,
RM006,Document,67d6a591bce402d7f3af94e97824239d ,
RM007,Document,59018dcf608e7473f761ff5a5454a284 ,
RM008,Document,67d6a591bce402d7f3af94e97824239d ,
RM009,Document,223d0be2378460ba0df7b846f750b1c8 ,
RM010,Document,224d0be2378460ba0df7b846f750b1c8 ,
RM011,Document,225d0be2378460ba0df7b846f750b1c8 ,
RM466,Document,226d0be2378460ba0df7b846f750b1c8 ,
RM467,Document,227d0be2378460ba0df7b846f750b1c8 ,
RM468,Document,29325db26acf27db0232fae4ff4e21d5 ,
RM469,Document,b3c6a89d8e241138ed661e4497519fea ,
RM470,Document,c888008f79798950760159f80f485fbf ,
RM471,Document,c888008f79798950760159f80f485fbf ,
MX9407,Document,29325db26acf27db0232fae4ff4e21d5 ,
MX9408,Document,b3c6a89d8e241138ed661e4497519fea ,
MX9409,Document,67d6a591bce402d7f3af94e97824239d ,
MX9413,Document,c888008f79798950760159f80f485fbf ,
MX9414,Document,c888008f79798950760159f80f485fbf ,
MX9415,Document,c888008f79798950760159f80f485fbf ,
MX4503,Object,67d6a591bce402d7f3af94e97824239d ,
MX4504,Object,29325db26acf27db0232fae4ff4e21d5 ,
MX4505,Object,aa1b626f18df70ea91b44075840ee136 ,
MX4506,Object,aa1b626f18df70ea91b44075840ee136 ,
MX4507,Object,aa1b626f18df70ea91b44075840ee136 ,
MX4508,Object,aa1b626f18df70ea91b44075840ee136 ,
MX2034,Object,aa1b626f18df70ea91b44075840ee136 ,
MX2035,Object,29325db26acf27db0232fae4ff4e21d5 ,
MX2036,Object,b3c6a89d8e241138ed661e4497519fea ,
MX2037,Object,29327db26acf27db0232fae4ff4e21d5 ,
MX2038,Object,29328db26acf27db0232fae4ff4e21d5 ,
MX0023,Object,c888008f79798950760159f80f485fbf ,
MX0024,Object,fdd40fb8b099a215b1f085b06a287c45 ,
MX0025,Object,fdd40fb8b099a215b1f085b06a287c45 ,
MX0026,Object,fdd40fb8b099a215b1f085b06a287c45 ,
MX7021,Object,b3c6a89d8e241138ed661e4497519fea ,
MX7022,Object,67d6a591bce402d7f3af94e97824239d ,
MX7023,Object,fdd40fb8b099a215b1f085b06a287c45 ,
RM501,Object,fdd40fb8b099a215b1f085b06a287c45 ,
RM502,Object,fdd40fb8b099a215b1f085b06a287c45 ,
RM503,Object,aa1b626f18df70ea91b44075840ee136 ,
RM004,Object,aa1b626f18df70ea91b44075840ee136 ,
RM005,Object,aa1b626f18df70ea91b44075840ee136 ,
RM472,Object,aa1b626f18df70ea91b44075840ee136 ,
RM473,Object,fdd40fb8b099a215b1f085b06a287c45 ,
RM474,Object,fdd40fb8b099a215b1f085b06a287c45 ,
RM475,Object,fdd40fb8b099a215b1f085b06a287c45 ,
RM476,Object,c888008f79798950760159f80f485fbf ,
RM477,Object,c888008f79798950760159f80f485fbf ,
RM478,Object,c888008f79798950760159f80f485fbf ,
MX9403,Object,c888008f79798950760159f80f485fbf ,
MX9404,Object,c888008f79798950760159f80f485fbf ,
MX9405,Object,c888008f79798950760159f80f485fbf ,
MX9406,Object,fdd40fb8b099a215b1f085b06a287c45 ,
MX9410,Object,fdd40fb8b099a215b1f085b06a287c45 ,
MX9411,Object,fdd40fb8b099a215b1f085b06a287c45 ,
MX9412,Object,fdd40fb8b099a215b1f085b06a287c45 ,
MX2026 ,Document,fdd40fb8b099a215b1f085b06a287c45 ,
