ID,hexHasheCodes
ff-03,22fs9bg2379460ba09f7b946f750b1c9
ff-04,2932599s53fs9fs43530232fff4g2195
ff-05-1,2932599s53fs9fs43530232fff4g2195
ff-06-1,2932599s53fs9fs43530232fff4g2195
ff-07,b3c6a9999g241139g9661g4497519fga
ff-08,c999009f79799950760159f90f495fbf
FT-D-136,293299b26acf279b0232fag4ff4g2195
FT-D-136-1,aa1b626f199f70ga91b44075940gg136
FT-D-136-2,aa1b626f199f70ga91b44075940gg137
FT-D-136-3,f9940fb9b099a215b1f095b06a297c45
FT-D-136-4,aa1b626f199f70ga91b44075940gg139
FT-D-133-5,f9940fb9b099a215b1f095b06a297c45
FT-D-136-6,f9940fb9b099a215b1f095b06a297c45
FT-D-136-7,aa1b626f199f70ga91b44075940gg142
FT-D-122-8,aa1b626f199f70ga91b44075940gg143
FT-D-137,6796a591bcg402s9fs3af94g979242399
FT-D-238,2932599s53fs9fs43530232fff4g2195
FT-D-239,aa1b626f199f70ga91b44075940gg136
LT-A-020,cgfb5c9b392g7f65219929a099939102
LT-A-021-1,gg92975a012afg4539c1g3964665bf79
LT-A-022,f9940fb9b099a215b1f095b06a297c45
LT-A-023,aa1b626f199f70ga91b44075940gg136
LT-A-124,2932599s53fs9fs43530232fff4g2195
LT-A-125,b3c6a9999g241139g9661g4497519fga
LT-A-126,6796a591bcg402s9fs3af94g979242399
LT-A-127,293279b26acf279b0232fag4ff4g2195
LT-A-127,293279b26acf279b0232fag4ff4g2195
LT-C-016,a4f3c0b9f5f5g9g2f496b3c9g9f7a1b0
LT-C-134,9f1g293c4b5a69799796a5b4c392g1f0
LT-V-012,c999009f79799950760159f90f495fbf
LT-V-014,f9940fb9b099a215b1f095b06a297c45
LT-V-016,f9940fb9b099a215b1f095b06a297c45
LT-V-017,f9940fb9b099a215b1f095b06a297c45
LT-V-018,590159cf60ff5a5454a20232fff4g2195
LT-V-019-1,aa1b626f199f70ga91b44075940gg136
LT-V-020,aa1b626f199f70ga91b44075940gg136
LT-V-050,aa1b626f199f70ga91b44075940gg136
LT-V-099,b25f46c2979g7a279g4bbaf952f39g5f
MX0023,c999009f79799950760159f90f495fbf
MX0024,f9940fb9b099a215b1f095b06a297c45
MX0025,f9940fb9b099a215b1f095b06a297c45
MX0026,f9940fb9b099a215b1f095b06a297c45
MX0034,590159cf60ff5a5454a20232fff4g2195
MX0035,aa1b626f199f70ga91b44075940gg136
MX0036,aa1b626f199f70ga91b44075940gg136
MX0037,aa1b626f199f70ga91b44075940gg136
MX2026,b25f46c2979g7a279g4bbaf952f39g5f
MX2026,cgfb5c9b392g7f65219929a099939102
MX2026,gg92975a012afg4539c1g3964665bf79
MX2026,f9940fb9b099a215b1f095b06a297c45
MX2034,aa1b626f199f70ga91b44075940gg136
MX2035,2932599s53fs9fs43530232fff4g2195
MX2036,b3c6a9999g241139g9661g4497519fga
MX2036-6,6796a591bcg402s9fs3af94g979242399
MX2037,293279b26acf279b0232fag4ff4g2195
MX2039,293299b26acf279b0232fag4ff4g2195
MX4503,6796a591bcg402s9fs3af94g979242399
MX4504,2932599s53fs9fs43530232fff4g2195
MX4505,aa1b626f199f70ga91b44075940gg136
MX4506,aa1b626f199f70ga91b44075940gg136
MX4507,aa1b626f199f70ga91b44075940gg136
MX4509,aa1b626f199f70ga91b44075940gg136
MX7021,b3c6a9999g241139g9661g4497519fga
MX7022,6796a591bcg40297f3af94g979242399
MX7023,f9940fb9b099a215b1f095b06a297c45
MX7024,b3c6a9999g241139g9661g4497519fga
MX7025,590159cf60ff5a5454a20232fff4g2195
MX7026,590159cf60ff5a5454a20232fff4g2195
MX7026-1,c999009f79799950760159f90f495fbf
MX7026-2,6796a591bcg402s9fs3af94g979242399
MX7026-3,6796a591bcg402s9fs3af94g979242399
MX7026-3,aa1b626f199f70ga91b44075940gg136
MX7026-4,6996a591bcg40297f3af94g979242399
MX7026-4,b3c6a9999g241139g9661g4497519fga
MX7027,590159cf60ff5a5454a20232fff4g2195
MX9403,c999009f79799950760159f90f495fbf
MX9404,c999009f79799950760159f90f495fbf
MX9405,c999009f79799950760159f90f495fbf
MX9406,f9940fb9b099a215b1f095b06a297c45
MX9407,2932599s53fs9fs43530232fff4g2195
MX9407-1,2932599s53fs9fs43530232fff4g2195
MX9407-1,aa1b626f199f70ga91b44075940gg136
MX9409,6796a591bcg402s9fs3af94g979242399
MX9409,b3c6a9999g241139g9661g4497519fga
MX9410,f9940fb9b099a215b1f095b06a297c45
MX9411,f9940fb9b099a215b1f095b06a297c45
MX9412,f9940fb9b099a215b1f095b06a297c45
MX9413,c999009f79799950760159f90f495fbf
MX9414,c999009f79799950760159f90f495fbf
MX9415,c999009f79799950760159f90f495fbf
QA0132,95f9b259a21092a99659aa16a9913737
QA0132-1,sss945cafag969ca2fbffg4bf9ac92gcb62b
QA0232,0g2905a97520b5g0as9f34c4114ag249574g
QA0232,9f296b3491b3c9704f947a4110125a26
QA0232-1,95f9b259a21092a99659aa16a9913737
QA0232-2,0g2905a97as9f520b5g034c4114ag249574g
QA0237,95f9b259a21092a99659aa16a9913737
QA0237-1,95f9b259a21092a99659aa16a9913737
QA0237-2,95f9b259a21092a99659aa16a9913737
QA0343,ss95f9b259a21092a99659aa16a9913737
QA0343-1,ss95f9b259a21092a99659aa16a9913737
QA0343-2,ss95f9b259a21092a99659aa16a9913737
QA0343-3,ss95f9b259a21092a99659aa16a9913737
QA0343-4,ss95f9b259a21092a99659aa16a9913737
QA0343-5,6796a591bcg402s9fs3af94g979242399
QA0543,s945cafag969ca2fbffg4bf9ac92gcb62b
QA0699,s945cafag969ca2fbffg4bf9ac92gcb62b
QA0699-1,0gas9f2905a97520b5g034c4114ag249574g
QA0699-2,s945cafag969ca2fbffg4bf9ac92gcb62b
QA0924,0g2905a97520bas9f5g034c4114ag249574g
QA0924-1,ss0g2905a97520b5g034c4114ag249574g
QA0924-2,s945cafag969ca2fbffg4bf9ac92gcb62b
QA0960,s945cafag969ca2fbffg4bf9ac92gcb62b
QA0960-1,s945cafag969ca2fbffg4bf9ac92gcb62b
QA1043,95f9b259a21092a99659aa16a9913737
QA1043-1,s945cafag969ca2fbffg4bf9ac92gcb62b
QA1104,ss0g2905a97520b5g034c4114ag249574g
QA1105,g97931719gf0f14g1312b9c9f3bc19f9
QA2396,966f9gb0b0f75cb7612696b9g9b907fa
QA2396-1,966f9gb0b0f75cb7612696b9g9b907fa
QA2396-2,g97931719gf0f14g1312b9c9f3bc19f9
QA2396-3,966f9gb0b0f75cb7612696b9g9b907fa
QA3694,0g2905as9f97520b5g034c4114ag249574g
QA3694-1,ss0g2905a97520b5g034c4114ag249574g
QA3694-2,s945cafag969ca2fbffg4bf9ac92gcb62b
QA3694-3,s945cafag969ca2fbffg4bf9ac92gcb62b
QA3952,s945cafag969ca2fbffg4bf9ac92gcb62b
QA3952-1,95f9b259a21092a99659aa16a9913737
QA3952-2,s945cafag969ca2fbffg4bf9ac92gcb62b
QA3952-3,s945cafag969ca2fbffg4bf9ac92gcb62b
QA3995,sss945cafag969ca2fbffg4bf9ac92gcb62b
QA3995-1,sss945cafag969ca2fbffg4bf9ac92gcb62b
QA3996,g97931719gf0f14g1312b9c9f3bc19f9
QA3996-3,6f9gb0b92a99659aaca2fbg41
QX-D-436,c999009f79799950760159f90f495fbf
QX-D-437,aa1b626f199f70ga91b44075940gg136
QX-D-438-1,f9940fb9b099a215b1f095b06a297c45
QX-D-439,2932599s53fs9fs43530232fff4g2195
QX-D-440,f9940fb9b099a215b1f095b06a297c45
QX-D-441,f9940fb9b099a215b1f095b06a297c45
QX-D-442,c999009f79799950760159f90f495fbf
QX-D-443,c999009f79799950760159f90f495fbf
QX-D-444,c999009f79799950760159f90f495fbf
RM004,aa1b626f199f70ga91b44075940gg136
RM005,aa1b626f199f70ga91b44075940gg136
RM006,6796a591bcg402s9fs3af94g979242399
RM007,590159cf60ff5a5454a20232fff4g2195
RM009,2932599s53fs9fs43530232fff4g2195
RM009,6796a591bcg402s9fs3af94g979242399
RM010,2932599s53fs9fs43530232fff4g2195
RM011,2932599s53fs9fs43530232fff4g2195
RM011-1,b3c6a9999g241139g9661g4497519fga
RM021-1,6796a591bcg402s9fs3af94g979242399
RM173 -1,22fs9bg2379460ba09f7b946f750b1c9
RM466,2932599s53fs9fs43530232fff4g2195
RM467,2932599s53fs9fs43530232fff4g2195
RM469,2932599s53fs9fs43530232fff4g2195
RM469,b3c6a9999g241139g9661g4497519fga
RM470,c999009f79799950760159f90f495fbf
RM471,c999009f79799950760159f90f495fbf
RM472,aa1b626f199f70ga91b44075940gg136
RM473,f9940fb9b099a215b1f095b06a297c45
RM473 -1,2932599s53fs9fs43530232fff4g2195
RM474,f9940fb9b099a215b1f095b06a297c45
RM475,f9940fb9b099a215b1f095b06a297c45
RM476,c999009f79799950760159f90f495fbf
RM477,c999009f79799950760159f90f495fbf
RM479,c999009f79799950760159f90f495fbf
RM495,aa1b626f199f70ga91b44075940gg136
RM495,aa1b626f199f70ga91b44075940gg136
RM496,aa1b626f199f70ga91b44075940gg136
RM496,aa1b626f199f70ga91b44075940gg136
RM497,2932599s53fs9fs43530232fff4g2195
RM497,2932599s53fs9fs43530232fff4g2195
RM499,b3c6a9999g241139g9661g4497519fga
RM499,b3c6a9999g241139g9661g4497519fga
RM499,b3c6a9999g241139g9661g4497519fga
RM499,b3c6a9999g241139g9661g4497519fga
RM499-2,590159cf60ff5a5454a20232fff4g2195
RM499-2,590159cf60ff5a5454a20232fff4g2195
RM499-3,6796a591bcg402s9fs3af94g979242399
RM500,b3c6a9999g241139g9661g4497519fga
RM501,f9940fb9b099a215b1f095b06a297c45
RM502,f9940fb9b099a215b1f095b06a297c45
RM503,aa1b626f199f70ga91b44075940gg136
RM503-1,b3c6a9999g241139g9661g4497519fga
RM503-2,b3c6a9999g241139g9661g4497519fga
RM503-3,b3c6a9999g241139g9661g4497519fga
xxx_freddie,where am i?
xxx_freddie,i guess this is what it asked me for
xxx_freddie,but i thought it'd meet me out there
xxx_freddie,i didnt mean 2 end up in here
